alert_id,alert_type,is_sar,tran_id
47,gather_scatter,true,11873
47,gather_scatter,true,11874
47,gather_scatter,true,11875
47,gather_scatter,true,13151
47,gather_scatter,true,23148
17,scatter_gather,true,23779
17,scatter_gather,true,23780
17,scatter_gather,true,26441
17,scatter_gather,true,26442
47,gather_scatter,true,28329
47,gather_scatter,true,31581
47,gather_scatter,true,34310
17,scatter_gather,true,34433
58,gather_scatter,true,36131
17,scatter_gather,true,36563
17,scatter_gather,true,41430
17,scatter_gather,true,42363
58,gather_scatter,true,42511
58,gather_scatter,true,44370
58,gather_scatter,true,46176
17,scatter_gather,true,47528
17,scatter_gather,true,48994
49,gather_scatter,true,49523
49,gather_scatter,true,49524
49,gather_scatter,true,51092
17,scatter_gather,true,51377
17,scatter_gather,true,52281
58,gather_scatter,true,52282
58,gather_scatter,true,54799
17,scatter_gather,true,55500
58,gather_scatter,true,56313
17,scatter_gather,true,59675
58,gather_scatter,true,61400
17,scatter_gather,true,62514
49,gather_scatter,true,62586
17,scatter_gather,true,63647
49,gather_scatter,true,70639
49,gather_scatter,true,72946
34,scatter_gather,true,84787
34,scatter_gather,true,84788
34,scatter_gather,true,84789
34,scatter_gather,true,86894
34,scatter_gather,true,87463
34,scatter_gather,true,87464
34,scatter_gather,true,87465
34,scatter_gather,true,91151
34,scatter_gather,true,93477
34,scatter_gather,true,95071
66,gather_scatter,true,96080
66,gather_scatter,true,96081
34,scatter_gather,true,97306
34,scatter_gather,true,97307
66,gather_scatter,true,97431
34,scatter_gather,true,98848
34,scatter_gather,true,98849
34,scatter_gather,true,98850
66,gather_scatter,true,99196
34,scatter_gather,true,100431
75,cycle,true,101095
75,cycle,true,101096
75,cycle,true,102384
75,cycle,true,103476
66,gather_scatter,true,104354
75,cycle,true,104589
66,gather_scatter,true,104734
66,gather_scatter,true,107705
75,cycle,true,108287
66,gather_scatter,true,108826
75,cycle,true,110162
75,cycle,true,110163
75,cycle,true,110164
94,cycle,true,120420
94,cycle,true,129537
94,cycle,true,135093
94,cycle,true,135094
94,cycle,true,137352
94,cycle,true,137353
16,scatter_gather,true,140108
16,scatter_gather,true,140109
16,scatter_gather,true,140110
94,cycle,true,142932
16,scatter_gather,true,146222
16,scatter_gather,true,146223
16,scatter_gather,true,151656
16,scatter_gather,true,155447
16,scatter_gather,true,160678
28,scatter_gather,true,161368
28,scatter_gather,true,164046
28,scatter_gather,true,165213
16,scatter_gather,true,165673
16,scatter_gather,true,166140
16,scatter_gather,true,167887
19,scatter_gather,true,169460
19,scatter_gather,true,169461
19,scatter_gather,true,171117
16,scatter_gather,true,171427
28,scatter_gather,true,172047
19,scatter_gather,true,172411
19,scatter_gather,true,173911
16,scatter_gather,true,175263
19,scatter_gather,true,176098
19,scatter_gather,true,177825
30,scatter_gather,true,177883
30,scatter_gather,true,177884
30,scatter_gather,true,177885
16,scatter_gather,true,178080
28,scatter_gather,true,178860
19,scatter_gather,true,179365
19,scatter_gather,true,180790
19,scatter_gather,true,182036
28,scatter_gather,true,182118
92,cycle,true,183782
92,cycle,true,183783
92,cycle,true,183784
30,scatter_gather,true,184414
73,cycle,true,185046
92,cycle,true,185587
92,cycle,true,190133
92,cycle,true,191476
30,scatter_gather,true,191602
92,cycle,true,194522
35,gather_scatter,true,195041
35,gather_scatter,true,195042
35,gather_scatter,true,196071
73,cycle,true,196236
30,scatter_gather,true,196472
30,scatter_gather,true,200937
30,scatter_gather,true,202030
73,cycle,true,202606
73,cycle,true,202607
73,cycle,true,205720
92,cycle,true,207342
92,cycle,true,209075
35,gather_scatter,true,210003
92,cycle,true,211153
84,cycle,true,211423
73,cycle,true,212792
35,gather_scatter,true,215773
84,cycle,true,221823
35,gather_scatter,true,224100
35,gather_scatter,true,224698
84,cycle,true,227110
84,cycle,true,227428
35,gather_scatter,true,230705
3,scatter_gather,true,232892
84,cycle,true,233833
3,scatter_gather,true,235957
3,scatter_gather,true,235958
3,scatter_gather,true,237901
82,cycle,true,240290
82,cycle,true,240291
82,cycle,true,243447
82,cycle,true,243448
82,cycle,true,243449
3,scatter_gather,true,243879
3,scatter_gather,true,245101
3,scatter_gather,true,245102
82,cycle,true,245773
3,scatter_gather,true,248072
82,cycle,true,248494
82,cycle,true,249581
3,scatter_gather,true,251204
82,cycle,true,251585
3,scatter_gather,true,252223
3,scatter_gather,true,252224
3,scatter_gather,true,252225
3,scatter_gather,true,256932
82,cycle,true,259651
3,scatter_gather,true,260430
22,scatter_gather,true,267990
22,scatter_gather,true,267991
22,scatter_gather,true,267992
22,scatter_gather,true,269070
22,scatter_gather,true,272976
33,scatter_gather,true,275434
22,scatter_gather,true,275446
33,scatter_gather,true,276351
22,scatter_gather,true,277876
33,scatter_gather,true,277889
33,scatter_gather,true,279442
22,scatter_gather,true,281569
22,scatter_gather,true,281570
33,scatter_gather,true,281615
33,scatter_gather,true,283153
39,gather_scatter,true,284148
39,gather_scatter,true,284149
22,scatter_gather,true,284409
22,scatter_gather,true,284776
39,gather_scatter,true,285548
22,scatter_gather,true,287078
33,scatter_gather,true,287845
39,gather_scatter,true,289433
33,scatter_gather,true,291838
33,scatter_gather,true,295063
39,gather_scatter,true,296643
39,gather_scatter,true,296644
39,gather_scatter,true,296645
21,scatter_gather,true,296901
33,scatter_gather,true,297054
44,gather_scatter,true,298933
21,scatter_gather,true,299716
39,gather_scatter,true,300185
44,gather_scatter,true,302674
33,scatter_gather,true,302879
44,gather_scatter,true,303420
44,gather_scatter,true,303421
44,gather_scatter,true,303422
33,scatter_gather,true,306413
33,scatter_gather,true,306414
21,scatter_gather,true,308622
44,gather_scatter,true,308772
44,gather_scatter,true,308773
33,scatter_gather,true,308813
40,gather_scatter,true,309059
44,gather_scatter,true,310070
44,gather_scatter,true,310370
40,gather_scatter,true,310827
21,scatter_gather,true,311148
21,scatter_gather,true,312642
44,gather_scatter,true,313654
40,gather_scatter,true,313951
21,scatter_gather,true,314411
21,scatter_gather,true,314412
40,gather_scatter,true,316079
21,scatter_gather,true,317945
21,scatter_gather,true,324182
21,scatter_gather,true,327469
40,gather_scatter,true,327637
40,gather_scatter,true,327638
40,gather_scatter,true,327639
21,scatter_gather,true,331092
21,scatter_gather,true,333603
40,gather_scatter,true,334821
63,gather_scatter,true,335600
21,scatter_gather,true,336296
63,gather_scatter,true,337317
21,scatter_gather,true,337904
63,gather_scatter,true,340107
63,gather_scatter,true,345131
63,gather_scatter,true,354146
63,gather_scatter,true,360842
63,gather_scatter,true,362536
63,gather_scatter,true,366485
13,scatter_gather,true,393205
13,scatter_gather,true,393206
31,scatter_gather,true,393919
31,scatter_gather,true,393920
31,scatter_gather,true,396087
31,scatter_gather,true,396088
31,scatter_gather,true,400247
31,scatter_gather,true,400248
31,scatter_gather,true,400498
31,scatter_gather,true,404126
13,scatter_gather,true,405609
31,scatter_gather,true,405854
31,scatter_gather,true,405855
31,scatter_gather,true,405856
31,scatter_gather,true,408564
42,gather_scatter,true,408607
31,scatter_gather,true,409519
0,scatter_gather,true,409660
0,scatter_gather,true,409661
0,scatter_gather,true,411921
31,scatter_gather,true,412429
42,gather_scatter,true,412692
42,gather_scatter,true,414005
0,scatter_gather,true,414937
0,scatter_gather,true,414938
13,scatter_gather,true,415967
42,gather_scatter,true,416013
13,scatter_gather,true,416513
42,gather_scatter,true,416838
0,scatter_gather,true,417865
0,scatter_gather,true,420928
42,gather_scatter,true,422979
0,scatter_gather,true,423311
0,scatter_gather,true,423312
42,gather_scatter,true,425032
42,gather_scatter,true,425033
0,scatter_gather,true,426076
42,gather_scatter,true,426204
52,gather_scatter,true,431600
13,scatter_gather,true,431928
52,gather_scatter,true,432851
42,gather_scatter,true,432921
23,scatter_gather,true,433953
23,scatter_gather,true,433954
52,gather_scatter,true,434209
23,scatter_gather,true,435136
23,scatter_gather,true,435137
23,scatter_gather,true,437310
23,scatter_gather,true,437311
52,gather_scatter,true,439174
23,scatter_gather,true,440072
52,gather_scatter,true,443373
23,scatter_gather,true,443700
23,scatter_gather,true,443701
23,scatter_gather,true,443702
52,gather_scatter,true,445470
23,scatter_gather,true,445620
23,scatter_gather,true,446547
23,scatter_gather,true,446548
52,gather_scatter,true,447977
23,scatter_gather,true,449282
52,gather_scatter,true,454797
68,gather_scatter,true,462363
68,gather_scatter,true,468776
68,gather_scatter,true,469637
68,gather_scatter,true,473978
68,gather_scatter,true,475028
68,gather_scatter,true,480028
12,scatter_gather,true,481032
12,scatter_gather,true,481033
12,scatter_gather,true,481034
65,gather_scatter,true,482053
65,gather_scatter,true,487446
12,scatter_gather,true,491797
12,scatter_gather,true,492072
2,scatter_gather,true,495116
65,gather_scatter,true,496163
12,scatter_gather,true,497097
2,scatter_gather,true,498539
65,gather_scatter,true,499074
65,gather_scatter,true,499075
2,scatter_gather,true,503381
26,scatter_gather,true,507091
2,scatter_gather,true,507116
2,scatter_gather,true,507117
2,scatter_gather,true,507118
2,scatter_gather,true,507119
65,gather_scatter,true,507199
10,scatter_gather,true,509259
10,scatter_gather,true,509260
65,gather_scatter,true,509535
26,scatter_gather,true,510198
26,scatter_gather,true,510199
2,scatter_gather,true,510955
65,gather_scatter,true,510966
2,scatter_gather,true,512132
2,scatter_gather,true,514090
26,scatter_gather,true,514397
26,scatter_gather,true,514398
10,scatter_gather,true,514541
26,scatter_gather,true,515438
26,scatter_gather,true,515439
2,scatter_gather,true,516074
2,scatter_gather,true,516075
2,scatter_gather,true,517440
26,scatter_gather,true,518050
10,scatter_gather,true,518475
26,scatter_gather,true,519362
26,scatter_gather,true,521249
65,gather_scatter,true,521357
2,scatter_gather,true,522299
65,gather_scatter,true,522354
26,scatter_gather,true,522366
26,scatter_gather,true,522367
26,scatter_gather,true,523414
26,scatter_gather,true,528796
10,scatter_gather,true,540310
10,scatter_gather,true,540311
10,scatter_gather,true,543960
25,scatter_gather,true,550180
25,scatter_gather,true,550181
10,scatter_gather,true,551917
69,gather_scatter,true,552092
69,gather_scatter,true,553958
25,scatter_gather,true,554411
61,gather_scatter,true,555697
61,gather_scatter,true,556608
61,gather_scatter,true,556609
25,scatter_gather,true,557238
25,scatter_gather,true,558782
61,gather_scatter,true,559459
61,gather_scatter,true,559460
69,gather_scatter,true,559567
5,scatter_gather,true,561355
5,scatter_gather,true,561356
5,scatter_gather,true,561357
25,scatter_gather,true,562203
61,gather_scatter,true,562845
61,gather_scatter,true,563962
61,gather_scatter,true,563963
5,scatter_gather,true,564121
69,gather_scatter,true,564616
4,scatter_gather,true,565248
5,scatter_gather,true,565801
4,scatter_gather,true,566395
38,gather_scatter,true,566618
61,gather_scatter,true,566787
61,gather_scatter,true,568398
38,gather_scatter,true,569445
38,gather_scatter,true,569446
4,scatter_gather,true,575540
4,scatter_gather,true,575541
5,scatter_gather,true,575760
38,gather_scatter,true,577654
69,gather_scatter,true,578064
5,scatter_gather,true,578452
5,scatter_gather,true,579352
69,gather_scatter,true,584595
5,scatter_gather,true,585434
69,gather_scatter,true,586815
69,gather_scatter,true,587769
38,gather_scatter,true,588476
5,scatter_gather,true,588658
96,cycle,true,589839
38,gather_scatter,true,590310
50,gather_scatter,true,590795
50,gather_scatter,true,590796
4,scatter_gather,true,591135
14,scatter_gather,true,591419
14,scatter_gather,true,591420
14,scatter_gather,true,591421
96,cycle,true,591595
38,gather_scatter,true,592551
14,scatter_gather,true,593022
4,scatter_gather,true,593361
14,scatter_gather,true,593638
4,scatter_gather,true,593787
96,cycle,true,594059
96,cycle,true,595070
4,scatter_gather,true,596226
50,gather_scatter,true,597024
14,scatter_gather,true,597073
96,cycle,true,597406
96,cycle,true,597407
14,scatter_gather,true,598527
36,gather_scatter,true,599724
14,scatter_gather,true,601102
14,scatter_gather,true,601103
50,gather_scatter,true,601419
50,gather_scatter,true,601420
36,gather_scatter,true,602238
36,gather_scatter,true,602239
14,scatter_gather,true,602847
38,gather_scatter,true,602930
14,scatter_gather,true,603982
14,scatter_gather,true,603983
14,scatter_gather,true,605543
36,gather_scatter,true,606858
50,gather_scatter,true,607525
14,scatter_gather,true,608830
41,gather_scatter,true,617652
41,gather_scatter,true,620643
85,cycle,true,621689
85,cycle,true,621690
36,gather_scatter,true,622536
85,cycle,true,623257
36,gather_scatter,true,623903
85,cycle,true,624372
85,cycle,true,624373
85,cycle,true,624374
79,cycle,true,624712
79,cycle,true,624713
79,cycle,true,624714
79,cycle,true,625054
41,gather_scatter,true,626279
36,gather_scatter,true,626879
51,gather_scatter,true,627083
51,gather_scatter,true,627084
85,cycle,true,627372
56,gather_scatter,true,628658
85,cycle,true,628944
79,cycle,true,630326
79,cycle,true,630327
85,cycle,true,630510
36,gather_scatter,true,630743
41,gather_scatter,true,631251
41,gather_scatter,true,631252
56,gather_scatter,true,631767
79,cycle,true,632989
79,cycle,true,632990
79,cycle,true,632991
56,gather_scatter,true,633285
74,cycle,true,635979
74,cycle,true,635980
51,gather_scatter,true,637366
41,gather_scatter,true,638000
98,cycle,true,638705
56,gather_scatter,true,640003
74,cycle,true,640633
74,cycle,true,641514
74,cycle,true,642719
98,cycle,true,644583
56,gather_scatter,true,644854
74,cycle,true,645113
37,gather_scatter,true,645250
37,gather_scatter,true,645251
98,cycle,true,647963
56,gather_scatter,true,648200
51,gather_scatter,true,649109
15,scatter_gather,true,649899
74,cycle,true,650171
56,gather_scatter,true,650289
56,gather_scatter,true,650290
74,cycle,true,650919
15,scatter_gather,true,651562
15,scatter_gather,true,651563
56,gather_scatter,true,651639
51,gather_scatter,true,651739
15,scatter_gather,true,652172
15,scatter_gather,true,652173
98,cycle,true,654498
74,cycle,true,655976
74,cycle,true,655977
37,gather_scatter,true,656134
15,scatter_gather,true,656732
15,scatter_gather,true,656733
98,cycle,true,657128
51,gather_scatter,true,659105
15,scatter_gather,true,660282
15,scatter_gather,true,660283
98,cycle,true,660361
98,cycle,true,660956
15,scatter_gather,true,661185
15,scatter_gather,true,661186
15,scatter_gather,true,663627
56,gather_scatter,true,664213
98,cycle,true,664955
15,scatter_gather,true,666347
15,scatter_gather,true,668069
37,gather_scatter,true,680794
57,gather_scatter,true,682369
57,gather_scatter,true,682370
70,cycle,true,683027
37,gather_scatter,true,683570
70,cycle,true,683742
70,cycle,true,683743
37,gather_scatter,true,684803
86,cycle,true,685236
86,cycle,true,685237
86,cycle,true,685238
70,cycle,true,685329
86,cycle,true,686671
57,gather_scatter,true,688335
86,cycle,true,689171
70,cycle,true,689188
70,cycle,true,689873
70,cycle,true,689874
86,cycle,true,691808
57,gather_scatter,true,691968
86,cycle,true,693593
91,cycle,true,695029
91,cycle,true,696324
86,cycle,true,698848
91,cycle,true,699781
86,cycle,true,701638
91,cycle,true,704758
91,cycle,true,707885
91,cycle,true,708323
57,gather_scatter,true,709180
57,gather_scatter,true,709181
57,gather_scatter,true,709182
57,gather_scatter,true,710441
9,scatter_gather,true,710553
9,scatter_gather,true,710554
9,scatter_gather,true,711304
59,gather_scatter,true,712234
9,scatter_gather,true,713981
97,cycle,true,715084
97,cycle,true,716018
9,scatter_gather,true,716196
9,scatter_gather,true,716197
9,scatter_gather,true,716198
9,scatter_gather,true,718844
59,gather_scatter,true,719686
91,cycle,true,721517
91,cycle,true,721518
91,cycle,true,721519
59,gather_scatter,true,722239
9,scatter_gather,true,722405
97,cycle,true,722682
9,scatter_gather,true,724481
59,gather_scatter,true,725823
9,scatter_gather,true,726578
8,scatter_gather,true,727677
8,scatter_gather,true,727678
97,cycle,true,728003
9,scatter_gather,true,728265
97,cycle,true,729442
9,scatter_gather,true,729673
8,scatter_gather,true,731610
8,scatter_gather,true,731611
9,scatter_gather,true,731904
9,scatter_gather,true,731905
9,scatter_gather,true,732420
97,cycle,true,733445
97,cycle,true,733446
76,cycle,true,733529
59,gather_scatter,true,734428
8,scatter_gather,true,734483
59,gather_scatter,true,735879
83,cycle,true,736929
8,scatter_gather,true,737132
8,scatter_gather,true,737133
27,scatter_gather,true,737837
27,scatter_gather,true,738096
83,cycle,true,739473
8,scatter_gather,true,740686
8,scatter_gather,true,740687
8,scatter_gather,true,741740
27,scatter_gather,true,743381
83,cycle,true,743723
55,gather_scatter,true,744256
83,cycle,true,746307
27,scatter_gather,true,746861
8,scatter_gather,true,747657
8,scatter_gather,true,747658
8,scatter_gather,true,748234
76,cycle,true,749720
55,gather_scatter,true,749833
83,cycle,true,749845
83,cycle,true,749846
60,gather_scatter,true,750104
8,scatter_gather,true,750700
11,scatter_gather,true,750839
11,scatter_gather,true,750840
11,scatter_gather,true,750841
11,scatter_gather,true,750842
27,scatter_gather,true,750867
55,gather_scatter,true,751939
11,scatter_gather,true,752252
11,scatter_gather,true,752253
76,cycle,true,753052
11,scatter_gather,true,753712
11,scatter_gather,true,753713
76,cycle,true,753935
27,scatter_gather,true,755152
60,gather_scatter,true,755207
60,gather_scatter,true,755208
83,cycle,true,756189
83,cycle,true,756927
11,scatter_gather,true,757792
11,scatter_gather,true,757793
11,scatter_gather,true,757794
11,scatter_gather,true,757795
11,scatter_gather,true,757796
11,scatter_gather,true,758177
76,cycle,true,758310
53,gather_scatter,true,759432
76,cycle,true,760296
55,gather_scatter,true,760877
11,scatter_gather,true,761714
60,gather_scatter,true,763243
11,scatter_gather,true,763387
53,gather_scatter,true,763992
27,scatter_gather,true,764808
93,cycle,true,765137
93,cycle,true,765138
60,gather_scatter,true,765436
27,scatter_gather,true,765929
60,gather_scatter,true,767011
93,cycle,true,767185
27,scatter_gather,true,767698
27,scatter_gather,true,768434
53,gather_scatter,true,769337
55,gather_scatter,true,769908
93,cycle,true,770277
93,cycle,true,770278
93,cycle,true,771200
93,cycle,true,772461
93,cycle,true,772462
60,gather_scatter,true,773743
93,cycle,true,774762
93,cycle,true,774763
90,cycle,true,775908
55,gather_scatter,true,777734
90,cycle,true,778234
60,gather_scatter,true,778521
90,cycle,true,780453
53,gather_scatter,true,786753
90,cycle,true,787539
88,cycle,true,787770
88,cycle,true,788315
88,cycle,true,788316
53,gather_scatter,true,789080
53,gather_scatter,true,790132
48,gather_scatter,true,790708
87,cycle,true,792938
87,cycle,true,792939
87,cycle,true,792940
48,gather_scatter,true,794113
48,gather_scatter,true,794114
88,cycle,true,795061
48,gather_scatter,true,795935
87,cycle,true,798178
90,cycle,true,799232
90,cycle,true,799233
90,cycle,true,799234
87,cycle,true,800299
88,cycle,true,801839
72,cycle,true,810434
48,gather_scatter,true,810941
48,gather_scatter,true,810942
72,cycle,true,811137
72,cycle,true,811138
72,cycle,true,811139
88,cycle,true,811151
72,cycle,true,813074
72,cycle,true,814232
72,cycle,true,816480
72,cycle,true,817995
48,gather_scatter,true,820164
72,cycle,true,821589
48,gather_scatter,true,824845
72,cycle,true,825165
20,scatter_gather,true,832202
20,scatter_gather,true,832203
20,scatter_gather,true,834119
20,scatter_gather,true,834120
29,scatter_gather,true,834945
29,scatter_gather,true,834946
29,scatter_gather,true,834947
64,gather_scatter,true,836073
64,gather_scatter,true,836074
29,scatter_gather,true,836986
20,scatter_gather,true,840697
20,scatter_gather,true,842057
20,scatter_gather,true,842748
64,gather_scatter,true,843192
20,scatter_gather,true,849795
99,cycle,true,850736
99,cycle,true,851105
20,scatter_gather,true,852249
20,scatter_gather,true,852467
64,gather_scatter,true,854561
20,scatter_gather,true,854625
99,cycle,true,854885
71,cycle,true,855287
71,cycle,true,855288
71,cycle,true,855289
20,scatter_gather,true,855587
29,scatter_gather,true,855664
99,cycle,true,856332
7,scatter_gather,true,857062
20,scatter_gather,true,858360
71,cycle,true,858458
99,cycle,true,858678
99,cycle,true,858679
71,cycle,true,860773
7,scatter_gather,true,862273
64,gather_scatter,true,863023
24,scatter_gather,true,863225
20,scatter_gather,true,863317
29,scatter_gather,true,863849
29,scatter_gather,true,863850
71,cycle,true,864390
64,gather_scatter,true,864521
29,scatter_gather,true,864900
24,scatter_gather,true,865419
7,scatter_gather,true,865922
71,cycle,true,867387
24,scatter_gather,true,867611
24,scatter_gather,true,867612
24,scatter_gather,true,867613
7,scatter_gather,true,867823
24,scatter_gather,true,868967
24,scatter_gather,true,868968
24,scatter_gather,true,868969
71,cycle,true,869876
71,cycle,true,869877
7,scatter_gather,true,872897
24,scatter_gather,true,874131
24,scatter_gather,true,875459
24,scatter_gather,true,877333
24,scatter_gather,true,877334
24,scatter_gather,true,877335
7,scatter_gather,true,877451
24,scatter_gather,true,879102
24,scatter_gather,true,879103
24,scatter_gather,true,880763
7,scatter_gather,true,884341
6,scatter_gather,true,885897
6,scatter_gather,true,885898
7,scatter_gather,true,886666
7,scatter_gather,true,888990
81,cycle,true,891725
81,cycle,true,891726
81,cycle,true,893259
7,scatter_gather,true,894664
46,gather_scatter,true,894718
67,gather_scatter,true,894765
81,cycle,true,894865
46,gather_scatter,true,896373
67,gather_scatter,true,898991
67,gather_scatter,true,898992
81,cycle,true,899271
81,cycle,true,899272
81,cycle,true,899273
46,gather_scatter,true,899366
46,gather_scatter,true,899367
67,gather_scatter,true,899977
6,scatter_gather,true,900190
46,gather_scatter,true,902095
46,gather_scatter,true,903168
6,scatter_gather,true,905419
46,gather_scatter,true,905742
46,gather_scatter,true,906956
6,scatter_gather,true,908134
67,gather_scatter,true,910495
67,gather_scatter,true,910496
67,gather_scatter,true,920792
6,scatter_gather,true,922354
67,gather_scatter,true,923363
77,cycle,true,928816
62,gather_scatter,true,929776
62,gather_scatter,true,929777
62,gather_scatter,true,929778
1,scatter_gather,true,931393
1,scatter_gather,true,931394
1,scatter_gather,true,931395
1,scatter_gather,true,931396
80,cycle,true,932732
1,scatter_gather,true,935862
77,cycle,true,935912
77,cycle,true,935913
43,gather_scatter,true,937336
80,cycle,true,937505
80,cycle,true,937506
62,gather_scatter,true,937826
77,cycle,true,938026
77,cycle,true,938027
1,scatter_gather,true,938583
43,gather_scatter,true,939936
54,gather_scatter,true,939937
80,cycle,true,941236
1,scatter_gather,true,941544
62,gather_scatter,true,942043
43,gather_scatter,true,942227
43,gather_scatter,true,944322
80,cycle,true,944385
77,cycle,true,945705
43,gather_scatter,true,946046
62,gather_scatter,true,946673
62,gather_scatter,true,946975
80,cycle,true,947654
80,cycle,true,947655
1,scatter_gather,true,948940
80,cycle,true,949836
62,gather_scatter,true,950170
54,gather_scatter,true,950383
80,cycle,true,951191
1,scatter_gather,true,951373
62,gather_scatter,true,952364
54,gather_scatter,true,952510
80,cycle,true,952953
1,scatter_gather,true,953708
1,scatter_gather,true,954483
43,gather_scatter,true,955246
43,gather_scatter,true,956102
62,gather_scatter,true,956863
1,scatter_gather,true,959263
43,gather_scatter,true,960474
54,gather_scatter,true,962437
1,scatter_gather,true,964029
54,gather_scatter,true,964117
1,scatter_gather,true,964761
43,gather_scatter,true,965202
54,gather_scatter,true,969946
43,gather_scatter,true,970315
45,gather_scatter,true,971458
45,gather_scatter,true,973077
95,cycle,true,974302
45,gather_scatter,true,975780
45,gather_scatter,true,977687
95,cycle,true,980285
95,cycle,true,980286
32,scatter_gather,true,980552
18,scatter_gather,true,983200
32,scatter_gather,true,983885
32,scatter_gather,true,983886
18,scatter_gather,true,985192
32,scatter_gather,true,986679
89,cycle,true,989360
95,cycle,true,989408
95,cycle,true,989876
32,scatter_gather,true,990010
32,scatter_gather,true,992619
89,cycle,true,993519
89,cycle,true,995635
18,scatter_gather,true,995881
32,scatter_gather,true,996140
18,scatter_gather,true,998228
95,cycle,true,999808
32,scatter_gather,true,1000145
89,cycle,true,1000393
78,cycle,true,1001017
45,gather_scatter,true,1001602
18,scatter_gather,true,1002861
45,gather_scatter,true,1003462
89,cycle,true,1003584
78,cycle,true,1004018
89,cycle,true,1004811
89,cycle,true,1005705
89,cycle,true,1005706
18,scatter_gather,true,1006056
32,scatter_gather,true,1006362
45,gather_scatter,true,1007372
32,scatter_gather,true,1007821
32,scatter_gather,true,1007822
18,scatter_gather,true,1007965
78,cycle,true,1008055
89,cycle,true,1008714
32,scatter_gather,true,1009913
45,gather_scatter,true,1012178
78,cycle,true,1012368
32,scatter_gather,true,1013510
32,scatter_gather,true,1016360
78,cycle,true,1016722
78,cycle,true,1016723
78,cycle,true,1016724
78,cycle,true,1017521
18,scatter_gather,true,1021971
78,cycle,true,1022515
